id,duration,attention_check,landmark_signif,fundamental_signif,important_signif,valuable_signif,useful_signif,exceptional_support,compelling_support,convincing_support,solid_support,incomplete_support,inadequate_support,very_high_importance,high_importance,moderate_importance,low_importance,very_low_importance,very_strong_support,strong_support,moderate_support,weak_support,very_weak_support,education_level,education_level_other,subject_area,subject_area_other
1,717,0,90,70,40,30,40,90,70,70,70,10,0,60,54,50,10,9,80,80,50,20,20,Doctorate degree (PhD/other),NA,Social Sciences,NA
2,653,8,91,71,71,66,67,80,70,71,71,30,18,79,70,57,17,18,88,81,54,48,15,Doctorate degree (PhD/other),NA,Physical Sciences,NA
3,696,10,90,88,70,65,65,98,50,70,85,0,0,77,90,35,10,10,96,80,35,10,15,Doctorate degree (PhD/other),NA,Physical Sciences,NA
4,1635,80,91,85,87,70,75,91,88,80,61,5,25,90,75,50,20,25,90,80,50,30,10,Doctorate degree (PhD/other),NA,Life Sciences and Biomedicine,NA
5,682,80,95,100,75,90,70,90,75,75,80,10,20,95,90,65,10,0,100,90,65,20,5,Doctorate degree (PhD/other),NA,Social Sciences,NA
6,702,3,94,24,63,57,61,99,82,51,72,3,8,100,76,50,17,1,100,72,39,11,2,Doctorate degree (PhD/other),NA,Social Sciences,NA
7,869,80,80,80,90,87,85,100,71,81,100,30,14,90,89,50,15,9,100,90,50,12,9,Doctorate degree (PhD/other),NA,Social Sciences,NA
8,884,80,51,30,76,82,75,98,80,80,76,13,5,95,77,61,11,4,98,88,56,14,7,Doctorate degree (PhD/other),NA,Social Sciences,NA
9,1395,80,81,100,85,80,70,91,61,86,80,30,15,96,90,60,10,2,95,80,50,20,10,Doctorate degree (PhD/other),NA,Other,Engineering
10,776,10,85,92,69,87,50,97,71,67,86,36,8,95,85,48,22,7,100,91,50,28,8,Doctorate degree (PhD/other),NA,Physical Sciences,NA
11,595,80,97,72,70,77,58,80,91,71,66,27,15,80,80,65,19,5,85,77,47,21,7,Doctorate degree (PhD/other),NA,Life Sciences and Biomedicine,NA
12,574,80,93,82,40,34,35,98,65,55,60,30,3,93,78,48,14,7,87,71,56,25,6,Doctorate degree (PhD/other),NA,Life Sciences and Biomedicine,NA
13,847,80,84,92,94,96,94,100,91,69,79,15,8,96,91,52,10,4,82,92,54,7,9,Graduate degree (MA/MSc/MPhil/other),NA,Life Sciences and Biomedicine,NA
14,833,80,95,95,70,75,60,95,85,80,75,40,15,85,85,50,25,25,85,75,50,25,20,Doctorate degree (PhD/other),NA,Life Sciences and Biomedicine,NA
15,634,24,86,71,72,79,71,94,90,65,75,29,15,63,74,76,25,27,84,74,53,36,13,Doctorate degree (PhD/other),NA,Social Sciences,NA
16,1388,80,96,50,80,71,60,91,90,70,95,5,10,90,80,60,30,10,92,92,60,15,5,Doctorate degree (PhD/other),NA,Physical Sciences,NA
17,947,80,95,50,81,75,80,100,70,84,100,65,90,100,95,60,5,11,91,75,76,10,15,Doctorate degree (PhD/other),NA,Other,Engineering
18,1200,10,80,30,60,50,40,90,90,70,50,0,0,90,80,40,20,10,80,60,40,20,5,Graduate degree (MA/MSc/MPhil/other),NA,Social Sciences,NA
19,839,92,18,20,36,10,8,31,24,58,33,58,72,61,57,58,51,60,72,39,61,80,62,Graduate degree (MA/MSc/MPhil/other),NA,Arts & Humanities,NA
20,590,80,79,86,66,64,48,90,83,67,60,17,0,83,79,53,8,7,80,76,49,24,13,Doctorate degree (PhD/other),NA,Life Sciences and Biomedicine,NA
21,554,80,100,100,83,75,71,95,97,75,80,19,18,90,77,39,12,6,90,80,39,28,13,Doctorate degree (PhD/other),NA,Arts & Humanities,NA
22,613,80,100,99,97,91,84,99,91,85,90,13,1,94,90,66,7,11,94,92,64,18,10,Doctorate degree (PhD/other),NA,Social Sciences,NA
23,536,80,98,94,82,82,85,98,75,76,70,9,2,91,80,49,9,8,99,87,49,9,9,Doctorate degree (PhD/other),NA,Social Sciences,NA
24,574,80,97,100,79,80,67,95,88,87,64,28,14,93,83,46,16,1,93,71,51,14,5,Doctorate degree (PhD/other),NA,Physical Sciences,NA
25,605,0,92,85,50,70,40,80,80,40,45,0,0,65,55,20,5,0,70,50,25,5,0,Doctorate degree (PhD/other),NA,Social Sciences,NA
26,537,80,98,91,71,74,76,90,69,71,73,15,15,91,81,50,23,8,91,68,48,25,13,Doctorate degree (PhD/other),NA,Social Sciences,NA
27,573,26,85,74,74,74,67,84,68,76,74,40,38,85,77,66,22,25,76,67,63,34,23,Doctorate degree (PhD/other),NA,Life Sciences and Biomedicine,NA
28,632,80,90,50,60,33,25,95,75,50,45,33,0,80,75,40,20,10,75,60,40,10,5,Doctorate degree (PhD/other),NA,Life Sciences and Biomedicine,NA
29,576,80,95,60,73,69,57,90,68,65,62,15,17,78,75,50,25,5,66,70,51,25,13,Doctorate degree (PhD/other),NA,Physical Sciences,NA
30,619,80,76,80,90,80,80,100,66,60,75,5,10,100,90,39,7,1,88,84,32,8,5,Doctorate degree (PhD/other),NA,Other,NA
31,680,80,91,85,80,76,70,95,85,90,75,35,10,92,82,60,14,8,85,77,60,9,5,Doctorate degree (PhD/other),NA,Life Sciences and Biomedicine,NA
32,622,80,99,51,81,76,70,91,91,75,66,12,8,99,95,60,4,1,95,80,61,5,5,Doctorate degree (PhD/other),NA,Life Sciences and Biomedicine,NA
33,616,80,90,75,75,70,70,93,85,85,85,15,5,95,85,70,20,10,90,88,70,15,5,Doctorate degree (PhD/other),NA,Life Sciences and Biomedicine,NA
34,503,80,49,61,80,71,21,95,60,60,70,15,5,89,85,59,30,15,80,75,40,20,9,Doctorate degree (PhD/other),NA,Life Sciences and Biomedicine,NA
35,585,20,100,64,87,81,47,98,93,77,81,24,2,89,84,51,12,8,91,83,51,14,12,Doctorate degree (PhD/other),NA,Physical Sciences,NA
36,645,80,81,92,81,71,50,100,50,44,81,1,1,81,76,50,9,8,100,99,43,24,1,Doctorate degree (PhD/other),NA,Life Sciences and Biomedicine,NA
37,629,80,95,85,70,55,60,95,60,80,70,25,10,85,75,30,10,10,85,75,50,15,5,Doctorate degree (PhD/other),NA,Social Sciences,NA
38,561,80,98,90,70,67,50,95,80,65,64,15,2,95,90,65,5,2,80,70,45,10,1,Doctorate degree (PhD/other),NA,Arts & Humanities,NA
39,659,80,99,22,83,62,59,97,63,76,90,32,26,92,80,45,19,4,97,91,28,5,1,Doctorate degree (PhD/other),NA,Life Sciences and Biomedicine,NA
40,596,80,90,84,77,66,65,88,66,68,73,34,29,87,82,54,10,20,81,72,60,23,12,Doctorate degree (PhD/other),NA,Social Sciences,NA
41,545,10,100,93,90,91,87,100,90,85,91,19,0,95,95,91,9,9,100,91,85,18,8,Graduate degree (MA/MSc/MPhil/other),NA,Life Sciences and Biomedicine,NA
42,609,80,74,100,88,86,80,96,85,81,70,30,10,85,81,41,10,5,79,84,42,0,9,Doctorate degree (PhD/other),NA,Other,Financial degree
43,661,80,100,81,82,72,61,100,83,95,82,9,5,95,83,51,19,10,94,86,53,4,2,Doctorate degree (PhD/other),NA,Physical Sciences,NA
44,606,8,90,92,93,83,65,100,91,72,96,19,8,99,80,38,19,5,95,90,60,27,10,Doctorate degree (PhD/other),NA,Other,Physics
45,625,11,94,86,89,84,67,96,92,84,76,24,3,91,76,63,18,7,95,87,69,19,20,Doctorate degree (PhD/other),NA,Life Sciences and Biomedicine,NA
46,695,0,100,91,79,75,75,100,91,85,85,10,0,95,85,50,1,0,96,95,60,10,0,Doctorate degree (PhD/other),NA,Social Sciences,NA
47,724,80,97,85,77,89,67,95,86,73,77,22,16,90,77,57,22,12,85,75,55,20,12,Doctorate degree (PhD/other),NA,Arts & Humanities,NA
48,570,15,95,60,65,70,55,95,80,80,70,25,10,95,80,45,10,4,90,80,55,8,3,Doctorate degree (PhD/other),NA,Physical Sciences,NA
49,659,20,70,56,62,80,64,81,65,60,70,45,38,93,83,50,35,20,91,80,50,25,20,Doctorate degree (PhD/other),NA,Other,Engineering
50,692,80,95,85,72,61,56,85,71,70,75,10,15,92,74,51,20,9,89,72,50,18,9,Doctorate degree (PhD/other),NA,Arts & Humanities,NA
51,560,3,100,92,98,82,81,100,93,89,93,1,9,100,100,58,1,1,91,90,69,2,7,Doctorate degree (PhD/other),NA,Other,law
52,670,80,85,64,71,65,66,86,85,61,90,29,40,80,74,65,52,55,89,80,65,56,50,Doctorate degree (PhD/other),NA,Social Sciences,NA
53,684,10,95,50,75,80,60,100,90,75,60,30,20,90,80,50,15,20,80,80,55,30,10,Doctorate degree (PhD/other),NA,Life Sciences and Biomedicine,NA
54,588,19,6,10,4,8,6,5,6,4,4,5,6,8,9,9,9,7,5,4,5,4,5,Doctorate degree (PhD/other),NA,Other,religious
55,757,80,83,34,66,66,50,87,74,63,58,19,17,91,73,52,22,11,89,80,51,7,1,Doctorate degree (PhD/other),NA,Physical Sciences,NA
56,701,20,100,60,75,67,66,80,80,66,60,25,15,100,100,50,0,0,90,75,50,25,10,Doctorate degree (PhD/other),NA,Social Sciences,NA
57,640,80,100,83,80,76,63,100,95,80,75,14,14,95,90,60,15,4,90,85,60,14,5,Doctorate degree (PhD/other),NA,Physical Sciences,NA
58,652,14,86,77,71,61,59,87,65,61,53,15,29,81,71,50,20,11,83,80,50,40,40,Doctorate degree (PhD/other),NA,Other,2 different areas
59,563,80,85,75,70,75,55,100,95,70,90,0,5,95,90,40,0,0,100,85,45,5,0,Doctorate degree (PhD/other),NA,Life Sciences and Biomedicine,NA
60,703,14,100,75,70,90,60,95,90,70,70,20,15,95,80,50,10,14,93,75,50,20,10,Graduate degree (MA/MSc/MPhil/other),NA,Other,Accountancy
61,496,6,100,65,75,79,59,100,80,61,81,18,4,100,91,51,10,11,81,80,59,11,7,Doctorate degree (PhD/other),NA,Life Sciences and Biomedicine,NA
62,778,20,100,90,81,75,71,98,91,90,80,40,5,90,85,50,15,10,81,82,40,10,5,Doctorate degree (PhD/other),NA,Life Sciences and Biomedicine,NA
63,583,17,90,70,71,61,60,98,82,66,72,29,9,81,80,50,19,20,74,65,60,10,5,Doctorate degree (PhD/other),NA,Physical Sciences,NA
64,722,80,80,80,65,60,60,90,65,60,60,10,8,80,70,50,10,5,90,80,50,20,8,Doctorate degree (PhD/other),NA,Life Sciences and Biomedicine,NA
65,525,10,91,81,76,81,71,95,91,85,80,25,8,91,81,52,19,7,90,85,65,30,10,Doctorate degree (PhD/other),NA,Life Sciences and Biomedicine,NA
66,622,10,95,100,90,80,70,100,60,70,70,40,10,90,80,50,20,10,85,90,40,10,20,Doctorate degree (PhD/other),NA,Life Sciences and Biomedicine,NA
67,884,14,98,80,81,74,60,98,70,60,90,30,40,90,86,60,29,40,95,85,55,20,20,Doctorate degree (PhD/other),NA,Life Sciences and Biomedicine,NA
68,640,11,11,12,10,2,8,34,40,34,27,14,13,14,10,11,8,9,42,38,20,14,20,Doctorate degree (PhD/other),NA,Physical Sciences,NA
69,550,80,96,97,76,79,54,95,77,76,93,8,7,88,89,50,8,6,94,83,46,13,8,Doctorate degree (PhD/other),NA,Physical Sciences,NA
70,504,81,100,96,76,86,61,100,91,82,85,36,13,94,92,61,19,5,80,70,61,17,9,Doctorate degree (PhD/other),NA,Life Sciences and Biomedicine,NA
71,587,80,90,80,60,70,70,100,85,75,60,20,10,60,60,30,10,10,90,90,70,25,10,Doctorate degree (PhD/other),NA,Social Sciences,NA
72,546,80,90,81,72,55,70,91,70,80,81,9,14,100,100,68,9,12,100,81,48,9,7,Doctorate degree (PhD/other),NA,Life Sciences and Biomedicine,NA
73,522,80,94,87,63,69,68,96,91,77,71,9,26,74,80,51,13,3,84,77,46,15,15,Graduate degree (MA/MSc/MPhil/other),NA,Social Sciences,NA
74,622,20,90,100,80,70,60,100,85,65,90,35,20,80,70,50,20,10,85,80,50,25,10,Graduate degree (MA/MSc/MPhil/other),NA,Physical Sciences,NA
75,687,11,100,90,73,80,72,100,92,79,71,29,14,84,73,42,22,12,89,63,45,10,7,Doctorate degree (PhD/other),NA,Social Sciences,NA
76,880,80,80,70,60,30,40,80,55,50,50,15,0,65,60,40,15,10,65,60,50,10,5,Doctorate degree (PhD/other),NA,Arts & Humanities,NA
77,862,80,100,100,73,50,70,100,85,100,100,30,0,90,90,30,10,2,94,90,50,5,5,Doctorate degree (PhD/other),NA,Life Sciences and Biomedicine,NA
78,665,80,78,15,84,73,23,94,85,71,90,5,5,88,90,9,2,4,75,88,27,3,2,Doctorate degree (PhD/other),NA,Arts & Humanities,NA
79,855,80,91,49,54,54,66,91,92,85,65,12,3,90,72,56,8,5,91,77,53,12,9,Doctorate degree (PhD/other),NA,Other,Computer Science
80,757,12,98,80,86,93,64,96,90,98,85,35,10,98,89,52,25,25,96,93,52,13,2,Doctorate degree (PhD/other),NA,Physical Sciences,NA
81,942,80,100,100,90,86,71,100,95,66,85,57,22,94,76,54,20,9,90,80,55,30,10,Doctorate degree (PhD/other),NA,Physical Sciences,NA
82,933,17,95,94,75,61,70,94,70,75,60,25,14,90,80,60,20,20,90,80,60,30,9,Doctorate degree (PhD/other),NA,Social Sciences,NA
83,853,25,100,95,82,75,65,100,80,80,75,30,15,95,85,50,15,5,90,75,50,15,10,Doctorate degree (PhD/other),NA,Other,Engineering
84,480,80,93,82,18,32,43,38,22,15,15,23,42,43,29,52,48,40,54,39,37,37,60,Doctorate degree (PhD/other),NA,Life Sciences and Biomedicine,NA
85,605,80,81,86,63,47,33,94,60,73,70,70,83,64,76,45,8,9,82,68,52,10,7,Doctorate degree (PhD/other),NA,Life Sciences and Biomedicine,NA
86,622,80,95,81,68,60,50,91,71,61,49,29,10,95,75,50,30,10,95,75,50,30,10,Doctorate degree (PhD/other),NA,Social Sciences,NA
87,614,80,91,81,80,80,60,95,80,70,76,5,5,95,90,60,5,3,85,85,40,2,2,Doctorate degree (PhD/other),NA,Other,Computer Science
88,1159,3,91,92,81,100,81,100,100,90,100,2,5,100,100,50,8,9,100,82,20,8,4,Doctorate degree (PhD/other),NA,Social Sciences,NA
89,593,80,100,100,92,81,60,100,81,100,100,50,19,99,100,51,8,10,100,100,51,9,9,Doctorate degree (PhD/other),NA,Life Sciences and Biomedicine,NA
90,987,80,95,90,90,90,85,95,95,95,86,30,20,95,90,65,15,15,95,85,60,22,15,Doctorate degree (PhD/other),NA,Arts & Humanities,NA
91,1060,15,88,72,76,93,83,100,77,72,98,31,39,96,92,53,28,10,98,84,55,13,6,Graduate degree (MA/MSc/MPhil/other),NA,Arts & Humanities,NA
92,719,80,95,90,80,71,65,90,83,80,67,40,24,95,85,50,20,10,93,80,55,25,10,Doctorate degree (PhD/other),NA,Life Sciences and Biomedicine,NA
93,876,80,60,49,50,50,29,95,92,67,88,21,21,98,78,53,19,6,98,77,38,9,5,Doctorate degree (PhD/other),NA,Social Sciences,NA
94,816,80,75,70,70,70,70,85,65,55,70,15,15,75,65,50,20,10,80,60,50,20,15,Doctorate degree (PhD/other),NA,Social Sciences,NA
95,772,80,95,90,73,86,66,97,63,60,79,24,13,94,87,40,13,4,96,90,41,10,5,Doctorate degree (PhD/other),NA,Arts & Humanities,NA
96,776,80,89,92,65,60,47,84,61,68,58,14,6,93,75,50,10,2,93,74,50,23,9,Doctorate degree (PhD/other),NA,Life Sciences and Biomedicine,NA
97,530,80,90,85,80,80,65,100,85,75,60,20,10,90,75,50,10,5,80,75,50,30,10,Doctorate degree (PhD/other),NA,Social Sciences,NA
98,529,3,90,94,59,61,70,93,58,82,87,10,0,81,64,42,4,3,81,61,36,15,3,Doctorate degree (PhD/other),NA,Physical Sciences,NA
99,690,80,90,68,70,76,86,91,93,81,82,19,5,95,95,33,8,19,94,85,51,4,8,Doctorate degree (PhD/other),NA,Social Sciences,NA
100,1108,34,38,40,32,61,38,62,82,67,67,62,74,71,41,62,55,61,30,97,41,29,38,Doctorate degree (PhD/other),NA,Other,Engineering
101,724,80,95,95,95,100,80,95,75,70,80,10,5,100,100,50,5,5,100,90,50,5,2,Doctorate degree (PhD/other),NA,Life Sciences and Biomedicine,NA
102,651,80,95,70,70,60,60,100,80,80,70,20,20,90,80,50,20,10,80,80,50,20,10,Doctorate degree (PhD/other),NA,Social Sciences,NA
103,643,80,80,96,53,75,63,94,57,60,75,19,2,92,92,60,7,7,86,87,56,13,4,Graduate degree (MA/MSc/MPhil/other),NA,Other,IT
104,1108,80,91,67,81,75,67,97,85,85,75,30,35,93,87,51,21,10,81,81,52,25,5,Doctorate degree (PhD/other),NA,Social Sciences,NA
105,534,80,95,59,50,59,34,94,80,74,48,2,0,70,58,47,9,4,75,68,43,14,1,Doctorate degree (PhD/other),NA,Physical Sciences,NA
106,624,80,95,70,75,80,40,91,69,68,70,7,10,94,91,60,6,7,88,70,51,5,3,Doctorate degree (PhD/other),NA,Physical Sciences,NA
107,537,80,95,94,94,92,94,90,75,67,71,35,14,85,74,59,26,10,83,74,50,22,15,Doctorate degree (PhD/other),NA,Social Sciences,NA
108,1474,80,99,92,85,80,80,100,95,89,89,19,1,74,80,48,13,6,88,75,33,15,10,Doctorate degree (PhD/other),NA,Physical Sciences,NA
109,628,80,85,65,65,65,55,90,60,60,60,20,9,75,70,40,20,15,80,70,50,20,10,Doctorate degree (PhD/other),NA,Physical Sciences,NA
110,847,80,65,67,65,66,50,95,75,85,70,20,9,89,68,30,45,20,70,65,46,10,11,Doctorate degree (PhD/other),NA,Arts & Humanities,NA
111,629,80,94,70,71,62,56,95,58,62,56,5,9,89,76,51,25,8,86,70,50,20,10,Doctorate degree (PhD/other),NA,Social Sciences,NA
112,734,80,100,95,85,90,80,100,95,90,85,60,20,90,85,68,20,9,95,90,70,15,5,Doctorate degree (PhD/other),NA,Physical Sciences,NA
113,1001,4,100,56,19,34,51,95,93,73,70,3,10,85,70,46,3,3,86,81,50,5,5,Doctorate degree (PhD/other),NA,Arts & Humanities,NA
114,934,80,100,97,85,91,81,100,89,90,92,14,9,95,95,60,22,23,100,90,60,6,6,Graduate degree (MA/MSc/MPhil/other),NA,Other,Finance and economics
115,984,80,95,97,81,82,86,92,65,74,84,13,4,92,82,30,10,1,75,71,34,18,11,Graduate degree (MA/MSc/MPhil/other),NA,Arts & Humanities,NA
116,856,80,90,85,70,65,55,96,90,70,70,40,10,91,81,50,20,20,90,70,50,20,10,Doctorate degree (PhD/other),NA,Life Sciences and Biomedicine,NA
117,770,80,98,90,75,80,75,90,95,80,75,25,10,85,80,55,20,10,80,75,60,25,15,Doctorate degree (PhD/other),NA,Arts & Humanities,NA
118,688,15,100,90,80,75,65,90,85,80,70,40,20,85,70,55,25,15,90,75,60,30,30,Doctorate degree (PhD/other),NA,Physical Sciences,NA
119,736,80,80,81,55,65,40,95,76,55,65,30,17,80,71,47,22,14,82,66,44,24,14,Doctorate degree (PhD/other),NA,Arts & Humanities,NA
120,1123,80,100,100,75,70,59,100,91,95,80,4,0,95,85,54,14,5,95,80,55,15,5,Doctorate degree (PhD/other),NA,Social Sciences,NA
121,518,80,100,95,75,80,70,90,75,75,70,25,5,85,80,50,15,5,80,70,50,20,5,Doctorate degree (PhD/other),NA,Life Sciences and Biomedicine,NA
122,536,10,95,25,80,85,60,90,75,80,80,15,5,90,70,55,10,5,85,75,55,15,5,Doctorate degree (PhD/other),NA,Life Sciences and Biomedicine,NA
123,1220,80,30,90,97,100,80,100,100,88,95,2,2,100,100,50,20,10,100,100,60,5,5,Doctorate degree (PhD/other),NA,Life Sciences and Biomedicine,NA
124,531,5,100,75,75,69,61,94,91,71,62,3,13,82,86,49,16,3,83,80,50,17,5,Doctorate degree (PhD/other),NA,Social Sciences,NA
125,736,80,100,90,75,70,65,86,80,81,74,35,23,80,85,50,20,5,90,80,70,44,35,Doctorate degree (PhD/other),NA,Arts & Humanities,NA
126,616,3,65,40,80,60,40,80,40,70,40,5,0,80,90,60,2,0,90,70,40,1,0,Doctorate degree (PhD/other),NA,Other,Mathematics
127,539,80,89,75,81,62,59,87,66,74,69,20,15,89,87,55,20,5,89,79,57,28,4,Doctorate degree (PhD/other),NA,Life Sciences and Biomedicine,NA
128,728,80,98,90,78,82,76,100,72,88,80,5,2,85,82,70,25,12,92,72,65,8,4,Doctorate degree (PhD/other),NA,Social Sciences,NA
129,1720,80,95,71,76,76,72,100,75,70,65,25,15,100,80,60,10,5,85,75,59,10,4,Doctorate degree (PhD/other),NA,Physical Sciences,NA
130,583,19,90,90,74,75,51,91,81,70,61,50,29,86,90,29,35,18,86,79,50,15,15,Doctorate degree (PhD/other),NA,Physical Sciences,NA
131,543,48,90,95,80,85,80,85,80,76,86,66,70,86,80,60,50,50,80,70,70,50,50,Doctorate degree (PhD/other),NA,Arts & Humanities,NA
132,1545,80,84,48,58,69,56,100,90,67,87,34,24,87,92,74,20,29,79,84,63,20,13,Doctorate degree (PhD/other),NA,Social Sciences,NA
133,718,80,98,94,76,61,61,94,80,70,76,20,37,79,81,51,20,13,87,77,45,14,21,Doctorate degree (PhD/other),NA,Other,My field bridges humanities and social sciences
134,656,80,99,97,75,71,67,95,90,88,80,35,25,87,76,50,19,20,82,78,61,15,15,Doctorate degree (PhD/other),NA,Social Sciences,NA
135,697,3,82,50,81,100,62,91,71,66,87,30,10,88,88,50,5,13,92,84,51,8,11,Doctorate degree (PhD/other),NA,Life Sciences and Biomedicine,NA
136,1078,80,95,75,70,85,75,90,95,80,70,10,5,80,80,65,20,10,80,85,50,5,10,Doctorate degree (PhD/other),NA,Social Sciences,NA
137,541,80,91,92,77,82,81,99,91,100,90,6,5,100,93,52,8,8,94,85,54,6,8,Doctorate degree (PhD/other),NA,Physical Sciences,NA
138,928,2,90,80,85,90,85,100,75,76,95,29,5,90,90,49,3,5,85,80,54,24,13,Doctorate degree (PhD/other),NA,Life Sciences and Biomedicine,NA
139,840,15,97,93,67,82,61,90,65,63,70,30,40,86,73,35,20,5,92,70,50,20,10,Doctorate degree (PhD/other),NA,Physical Sciences,NA
140,608,3,92,100,61,81,71,92,41,46,83,5,5,91,81,51,5,8,81,82,49,8,100,Doctorate degree (PhD/other),NA,Life Sciences and Biomedicine,NA
141,712,80,78,83,84,79,74,94,72,86,70,17,19,95,92,69,26,26,82,70,54,14,10,Graduate degree (MA/MSc/MPhil/other),NA,Arts & Humanities,NA
142,771,80,90,71,79,80,69,79,79,79,68,50,29,89,79,50,20,20,85,79,61,20,28,Doctorate degree (PhD/other),NA,Other,Computer Science
143,818,56,81,74,76,50,72,89,67,70,82,71,70,60,78,83,61,52,77,56,79,58,73,Graduate degree (MA/MSc/MPhil/other),NA,Social Sciences,NA
144,1006,2,89,73,64,100,67,35,52,36,31,3,50,100,100,50,19,18,100,100,51,6,1,Doctorate degree (PhD/other),NA,Physical Sciences,NA
145,540,80,89,59,80,69,69,100,90,80,71,10,14,100,90,50,10,11,100,69,56,18,0,Graduate degree (MA/MSc/MPhil/other),NA,Life Sciences and Biomedicine,NA
146,536,80,96,70,71,70,60,92,75,70,54,15,12,80,72,38,1,1,75,68,33,1,1,Doctorate degree (PhD/other),NA,Social Sciences,NA
147,609,20,100,90,75,75,60,90,70,65,65,15,10,85,75,50,25,5,80,70,50,15,5,Doctorate degree (PhD/other),NA,Arts & Humanities,NA
148,486,80,86,77,67,77,78,92,90,89,70,27,6,94,87,47,11,10,90,84,51,5,5,Doctorate degree (PhD/other),NA,Life Sciences and Biomedicine,NA
149,527,80,100,90,65,70,55,100,80,75,69,30,10,85,75,40,10,0,90,70,40,15,5,Doctorate degree (PhD/other),NA,Physical Sciences,NA
150,1002,80,90,36,67,71,40,93,75,68,60,8,7,91,79,58,26,11,83,78,56,17,11,Doctorate degree (PhD/other),NA,Other,psychology
151,601,10,95,49,75,70,60,84,60,67,70,13,9,76,73,50,27,24,76,66,50,30,25,Doctorate degree (PhD/other),NA,Other,Education
152,810,80,85,90,75,75,50,95,85,80,75,33,20,85,75,50,25,15,85,75,50,25,15,Doctorate degree (PhD/other),NA,Arts & Humanities,NA
153,599,80,85,75,52,42,52,86,64,62,46,0,0,59,71,30,0,10,65,73,39,20,11,Doctorate degree (PhD/other),NA,Social Sciences,NA
154,668,80,88,50,76,80,73,100,71,64,46,11,21,97,89,40,10,8,91,81,48,10,7,Doctorate degree (PhD/other),NA,Physical Sciences,NA
155,754,80,91,92,81,81,72,92,75,91,83,20,7,95,83,51,10,14,94,91,51,8,4,Doctorate degree (PhD/other),NA,Life Sciences and Biomedicine,NA
156,3300,5,96,100,73,58,64,60,45,56,80,13,14,83,70,53,23,15,89,96,57,20,5,Doctorate degree (PhD/other),NA,Social Sciences,NA
157,628,80,75,60,54,50,36,91,71,70,59,15,11,75,65,49,25,25,78,68,60,23,11,Doctorate degree (PhD/other),NA,Life Sciences and Biomedicine,NA
158,612,0,100,90,80,75,60,90,80,75,61,25,10,90,80,50,25,20,85,70,50,20,25,Doctorate degree (PhD/other),NA,Arts & Humanities,NA
159,657,20,100,50,71,75,60,100,80,85,70,29,9,90,80,50,20,10,80,65,50,20,10,Doctorate degree (PhD/other),NA,Physical Sciences,NA
160,664,1,91,76,66,81,93,96,96,92,99,5,88,90,97,83,4,88,89,93,83,1,1,Doctorate degree (PhD/other),NA,Other,NA
161,997,10,99,91,75,81,66,92,82,70,76,26,19,92,89,50,12,9,85,71,50,18,2,Doctorate degree (PhD/other),NA,Other,Engineering
162,1030,10,99,95,94,96,83,100,96,91,100,36,9,97,86,52,30,7,96,91,53,9,5,Doctorate degree (PhD/other),NA,Life Sciences and Biomedicine,NA
163,1294,80,92,80,60,40,50,91,81,70,70,0,0,71,71,40,8,8,80,60,40,7,5,Doctorate degree (PhD/other),NA,Life Sciences and Biomedicine,NA
164,554,80,100,92,73,75,65,96,82,76,79,54,30,90,76,55,24,15,80,73,51,28,18,Doctorate degree (PhD/other),NA,Social Sciences,NA
165,846,80,95,40,71,60,50,85,75,75,70,45,25,90,85,55,25,5,90,75,55,25,24,Doctorate degree (PhD/other),NA,Arts & Humanities,NA
166,716,80,99,19,41,60,60,95,97,78,94,1,1,95,89,50,10,5,94,85,53,20,16,Doctorate degree (PhD/other),NA,Other,Education
167,541,80,90,90,76,75,63,90,70,70,50,29,0,90,75,50,19,0,90,80,50,20,0,Doctorate degree (PhD/other),NA,Life Sciences and Biomedicine,NA
168,522,2,19,60,59,43,30,100,29,31,52,5,4,89,92,41,6,1,91,94,45,10,7,Undergraduate degree (BA/BSc/other),NA,Social Sciences,NA
169,697,80,50,91,91,60,61,91,71,81,82,7,20,92,99,81,19,3,99,92,62,50,61,Doctorate degree (PhD/other),NA,Social Sciences,NA
170,654,80,90,55,60,55,30,95,80,60,65,20,30,90,80,50,20,10,90,80,60,20,20,Doctorate degree (PhD/other),NA,Other,Business
171,936,80,94,50,58,74,31,87,90,85,82,10,1,94,89,47,3,4,86,87,27,8,3,Doctorate degree (PhD/other),NA,Social Sciences,NA
172,929,30,95,63,76,70,58,89,95,83,66,12,19,100,86,51,19,0,88,72,53,10,12,Doctorate degree (PhD/other),NA,Life Sciences and Biomedicine,NA
173,1712,80,60,90,70,61,50,100,80,70,90,40,10,90,80,60,18,20,90,80,50,20,0,Doctorate degree (PhD/other),NA,Arts & Humanities,NA
174,567,100,81,86,89,80,61,95,90,85,73,30,6,83,73,44,9,4,90,72,41,14,3,Graduate degree (MA/MSc/MPhil/other),NA,Other,finance
175,602,9,100,89,84,64,36,98,85,78,89,1,14,91,82,55,13,1,93,89,39,18,1,Doctorate degree (PhD/other),NA,Physical Sciences,NA
176,859,4,62,65,96,69,75,100,88,69,86,7,4,100,100,50,6,2,100,100,48,3,4,Undergraduate degree (BA/BSc/other),NA,Life Sciences and Biomedicine,NA
177,653,80,100,100,90,84,50,100,81,68,79,35,36,82,75,54,40,11,89,81,55,28,10,Doctorate degree (PhD/other),NA,Physical Sciences,NA
178,675,8,95,80,91,82,71,97,87,78,80,30,10,82,85,51,20,4,78,82,50,19,4,Other,PGCE,Arts & Humanities,NA
179,980,12,96,75,80,70,60,95,86,67,73,40,35,90,80,50,20,9,92,80,51,30,8,Doctorate degree (PhD/other),NA,Physical Sciences,NA
180,566,20,71,61,81,66,61,85,77,70,73,17,15,91,92,50,10,14,87,92,50,9,5,Other,MD,Life Sciences and Biomedicine,NA
181,1167,80,95,40,80,60,51,95,90,80,85,40,10,90,85,50,20,15,85,75,50,35,25,Doctorate degree (PhD/other),NA,Physical Sciences,NA
182,652,80,85,93,72,85,63,94,83,75,82,15,26,88,88,50,13,13,90,73,48,12,6,Doctorate degree (PhD/other),NA,Life Sciences and Biomedicine,NA
183,959,20,90,75,70,60,60,90,80,85,80,40,35,80,70,50,40,20,85,70,50,40,20,Doctorate degree (PhD/other),NA,Life Sciences and Biomedicine,NA
184,1810,80,100,60,76,77,55,100,76,72,89,0,2,100,90,57,15,8,100,70,51,18,4,Doctorate degree (PhD/other),NA,Life Sciences and Biomedicine,NA
185,746,70,95,80,60,70,30,40,30,75,20,60,70,80,85,40,10,20,90,90,40,15,15,Doctorate degree (PhD/other),NA,Social Sciences,NA
186,651,80,75,68,76,61,62,90,62,77,80,20,1,92,91,51,20,0,85,80,51,15,0,Doctorate degree (PhD/other),NA,Life Sciences and Biomedicine,NA
187,1072,80,77,87,70,71,72,100,61,81,72,15,8,91,81,59,29,11,100,70,51,30,8,Graduate degree (MA/MSc/MPhil/other),NA,Physical Sciences,NA
188,802,80,99,97,60,40,35,90,85,55,50,8,10,80,80,35,10,8,80,70,35,15,5,Doctorate degree (PhD/other),NA,Social Sciences,NA
189,522,80,90,90,65,65,59,95,78,56,56,12,7,85,65,35,15,5,84,66,39,8,1,Doctorate degree (PhD/other),NA,Arts & Humanities,NA
190,638,80,90,90,80,80,66,95,80,70,90,30,10,88,85,50,20,10,90,84,66,20,5,Doctorate degree (PhD/other),NA,Life Sciences and Biomedicine,NA
191,764,80,85,80,55,45,30,95,66,60,50,25,2,90,65,40,19,5,80,60,35,15,5,Doctorate degree (PhD/other),NA,Life Sciences and Biomedicine,NA
192,846,10,49,50,8,29,41,84,80,81,87,61,30,60,39,50,1,1,71,71,50,1,5,Doctorate degree (PhD/other),NA,Life Sciences and Biomedicine,NA
193,615,80,95,75,77,80,65,98,73,75,66,12,2,90,72,52,10,2,90,72,59,9,1,Doctorate degree (PhD/other),NA,Physical Sciences,NA
194,615,80,60,40,55,35,61,65,50,65,70,20,30,80,80,50,20,12,80,70,50,20,10,Graduate degree (MA/MSc/MPhil/other),NA,Life Sciences and Biomedicine,NA
195,802,80,80,40,71,90,65,100,100,95,80,40,30,91,70,40,10,5,80,75,51,15,10,Doctorate degree (PhD/other),NA,Physical Sciences,NA
196,589,80,99,95,67,74,69,99,81,76,74,14,12,88,74,51,4,0,90,68,69,17,2,Doctorate degree (PhD/other),NA,Life Sciences and Biomedicine,NA
197,566,80,82,100,80,50,40,95,85,66,80,20,15,95,90,55,10,5,90,75,34,10,5,Doctorate degree (PhD/other),NA,Physical Sciences,NA
198,2573,31,28,29,32,32,28,30,24,31,26,29,37,22,29,29,31,26,30,30,36,24,22,Doctorate degree (PhD/other),NA,Life Sciences and Biomedicine,NA
199,665,80,81,70,70,68,55,84,68,66,72,32,14,90,80,50,20,20,85,70,50,19,20,Doctorate degree (PhD/other),NA,Life Sciences and Biomedicine,NA
200,528,80,100,91,90,73,77,99,85,84,92,24,44,100,92,55,5,1,100,91,51,6,2,Doctorate degree (PhD/other),NA,Social Sciences,NA
201,602,80,100,97,34,40,45,100,75,70,55,11,25,100,77,50,76,1,100,80,49,7,1,Doctorate degree (PhD/other),NA,Physical Sciences,NA
202,678,80,100,100,70,70,55,100,75,80,100,30,30,85,75,50,10,5,100,90,60,30,5,Doctorate degree (PhD/other),NA,Social Sciences,NA
203,550,80,98,83,69,76,53,90,53,54,51,16,10,76,71,46,16,9,83,65,50,22,6,Doctorate degree (PhD/other),NA,Social Sciences,NA
204,645,80,100,93,66,78,69,92,72,80,61,28,9,96,80,50,26,8,85,71,52,31,14,Doctorate degree (PhD/other),NA,Physical Sciences,NA
205,1116,80,95,40,85,80,70,95,80,75,85,20,20,90,85,55,25,10,85,85,55,25,10,Doctorate degree (PhD/other),NA,Other,Computer Science
206,785,80,92,84,67,81,58,97,92,83,70,13,15,90,90,50,20,8,92,80,51,21,3,Doctorate degree (PhD/other),NA,Life Sciences and Biomedicine,NA
207,669,12,89,85,76,50,26,92,73,73,82,15,1,94,80,35,7,4,75,74,37,13,8,Doctorate degree (PhD/other),NA,Life Sciences and Biomedicine,NA
208,574,80,96,86,82,77,73,90,90,82,80,5,7,91,92,39,1,1,91,82,41,1,1,Doctorate degree (PhD/other),NA,Life Sciences and Biomedicine,NA
209,759,80,90,100,68,60,57,94,74,65,58,26,21,84,70,42,19,12,89,66,47,19,10,Doctorate degree (PhD/other),NA,Physical Sciences,NA
210,1707,80,93,83,70,82,60,89,80,75,65,54,33,88,77,47,28,18,88,73,45,27,13,Doctorate degree (PhD/other),NA,Social Sciences,NA
211,786,80,97,83,45,86,48,85,70,59,57,16,5,70,68,35,14,3,77,63,34,7,2,Doctorate degree (PhD/other),NA,Social Sciences,NA
212,631,11,89,80,65,69,66,99,92,86,82,52,36,85,79,63,17,8,89,83,68,21,9,Doctorate degree (PhD/other),NA,Physical Sciences,NA
213,595,10,92,73,51,32,28,94,78,60,44,24,6,92,80,40,20,9,90,66,35,15,7,Doctorate degree (PhD/other),NA,Social Sciences,NA
214,727,80,100,100,70,65,40,90,75,80,75,20,15,90,75,50,10,5,90,85,60,20,5,Doctorate degree (PhD/other),NA,Social Sciences,NA
215,1419,80,72,81,66,58,51,98,64,87,79,6,22,70,66,57,31,12,80,95,40,6,11,Doctorate degree (PhD/other),NA,Social Sciences,NA
216,900,10,95,77,82,92,69,97,82,83,78,29,9,95,93,51,8,7,93,80,51,11,4,Doctorate degree (PhD/other),NA,Physical Sciences,NA
217,713,8,70,86,78,70,60,95,88,71,70,20,10,100,90,50,8,8,100,91,50,5,2,Doctorate degree (PhD/other),NA,Other,Environmental Economics
218,671,10,100,100,90,90,80,100,91,75,91,30,28,90,80,50,20,10,91,82,50,20,10,Doctorate degree (PhD/other),NA,Life Sciences and Biomedicine,NA
219,630,80,95,89,60,46,35,95,66,63,66,15,5,100,89,34,10,5,93,65,35,4,5,Doctorate degree (PhD/other),NA,Social Sciences,NA
220,565,80,94,81,70,74,64,94,79,66,68,28,11,92,76,65,28,8,82,66,58,22,5,Doctorate degree (PhD/other),NA,Life Sciences and Biomedicine,NA
221,805,80,84,77,73,81,70,85,78,79,76,32,27,91,77,47,19,8,93,5,40,5,6,Doctorate degree (PhD/other),NA,Life Sciences and Biomedicine,NA
222,637,80,87,38,60,60,45,95,81,67,49,31,30,70,70,50,30,20,70,60,50,35,20,Doctorate degree (PhD/other),NA,Life Sciences and Biomedicine,NA
223,740,10,90,95,85,90,70,90,80,80,100,40,30,90,95,50,10,5,95,85,60,10,5,Doctorate degree (PhD/other),NA,Other,Chiropractic
224,2710,5,95,95,88,82,60,91,84,90,90,40,10,96,96,63,6,4,96,94,66,13,15,Doctorate degree (PhD/other),NA,Other,Law
225,690,81,100,70,100,100,100,100,91,100,91,19,0,100,100,51,30,14,100,100,50,19,9,Doctorate degree (PhD/other),NA,Social Sciences,NA
226,549,80,86,81,72,53,61,100,69,54,81,15,17,93,87,46,15,5,97,86,49,11,16,Doctorate degree (PhD/other),NA,Social Sciences,NA
227,770,80,94,89,57,82,65,92,86,63,80,14,16,83,66,39,3,4,89,72,42,3,7,Doctorate degree (PhD/other),NA,Life Sciences and Biomedicine,NA
228,591,81,92,91,70,58,72,93,91,81,61,30,31,70,60,60,50,29,79,68,49,29,18,Doctorate degree (PhD/other),NA,Life Sciences and Biomedicine,NA
229,572,9,90,75,73,71,70,96,79,91,86,39,18,94,88,50,15,2,92,65,49,14,3,Doctorate degree (PhD/other),NA,Life Sciences and Biomedicine,NA
230,984,80,77,59,76,79,60,92,85,87,82,20,15,84,63,79,13,11,90,100,51,14,19,Doctorate degree (PhD/other),NA,Other,Computer Science
231,580,80,90,93,86,66,41,91,72,59,71,10,4,91,81,53,14,2,83,66,51,16,5,Doctorate degree (PhD/other),NA,Physical Sciences,NA
232,827,80,80,94,66,68,60,85,56,62,68,22,10,87,87,63,16,5,92,95,71,15,18,Doctorate degree (PhD/other),NA,Other,Engineering
233,805,80,95,65,77,84,72,96,87,68,80,6,18,94,90,55,27,8,87,85,67,18,8,Doctorate degree (PhD/other),NA,Social Sciences,NA
234,705,80,95,85,65,40,40,95,65,60,75,40,35,80,75,50,25,10,80,80,50,25,25,Doctorate degree (PhD/other),NA,Life Sciences and Biomedicine,NA
235,772,0,100,69,79,82,73,100,83,81,72,25,26,89,100,50,0,0,93,100,53,0,18,Doctorate degree (PhD/other),NA,Social Sciences,NA
236,939,80,100,92,80,69,53,100,81,58,71,21,0,91,74,59,3,1,96,86,49,8,3,Doctorate degree (PhD/other),NA,Other,Legal
237,646,2,95,80,70,50,40,95,75,60,50,10,5,75,70,40,10,5,90,70,50,20,10,Doctorate degree (PhD/other),NA,Physical Sciences,NA
238,598,80,98,76,81,77,61,100,90,83,98,51,18,91,92,51,32,13,91,84,51,21,12,Doctorate degree (PhD/other),NA,Life Sciences and Biomedicine,NA
239,557,10,95,90,65,75,65,95,81,75,80,60,40,91,77,50,20,5,90,70,50,25,5,Doctorate degree (PhD/other),NA,Physical Sciences,NA
240,653,80,100,100,100,73,61,49,81,83,61,10,20,90,92,50,20,9,92,91,40,11,14,Doctorate degree (PhD/other),NA,Social Sciences,NA
241,776,1,100,95,76,60,53,99,91,81,60,27,18,97,85,56,8,2,100,81,50,13,5,Doctorate degree (PhD/other),NA,Social Sciences,NA
242,595,80,100,76,81,100,67,100,79,100,100,3,0,93,87,52,6,3,76,72,54,0,3,Graduate degree (MA/MSc/MPhil/other),NA,Physical Sciences,NA
243,1821,5,87,73,49,67,58,80,70,75,73,13,18,74,68,25,12,9,73,70,38,6,13,Doctorate degree (PhD/other),NA,Life Sciences and Biomedicine,NA
244,631,80,81,64,60,77,59,95,76,78,74,2,5,81,80,39,9,4,74,64,45,22,5,Doctorate degree (PhD/other),NA,Social Sciences,NA
245,498,80,100,91,68,61,19,89,51,72,43,5,0,82,87,52,0,3,63,64,46,6,6,Doctorate degree (PhD/other),NA,Life Sciences and Biomedicine,NA
246,867,80,88,75,68,73,65,90,70,85,61,26,20,92,75,48,24,7,93,76,49,25,5,Doctorate degree (PhD/other),NA,Arts & Humanities,NA
247,1033,32,97,49,68,87,54,69,52,46,82,33,15,100,93,52,8,2,100,67,68,16,41,Doctorate degree (PhD/other),NA,Life Sciences and Biomedicine,NA
248,725,25,100,100,90,70,70,85,80,60,70,40,30,85,85,60,30,25,75,70,60,40,25,Doctorate degree (PhD/other),NA,Life Sciences and Biomedicine,NA
249,799,80,81,19,81,72,52,94,60,70,82,2,6,76,70,49,3,3,82,71,50,5,5,Doctorate degree (PhD/other),NA,Arts & Humanities,NA
250,907,80,99,91,75,83,68,100,100,100,89,33,13,91,90,45,10,17,81,85,47,27,23,Doctorate degree (PhD/other),NA,Life Sciences and Biomedicine,NA
251,615,80,92,61,50,50,50,97,70,61,82,8,10,81,81,38,0,0,91,90,44,10,10,Doctorate degree (PhD/other),NA,Social Sciences,NA
252,613,80,91,91,70,65,39,92,98,78,65,9,1,91,71,50,14,5,90,70,50,10,3,Doctorate degree (PhD/other),NA,Physical Sciences,NA
253,628,20,90,90,80,60,60,90,70,75,80,30,5,90,80,50,10,5,90,80,50,10,10,Doctorate degree (PhD/other),NA,Physical Sciences,NA
254,639,1,100,75,70,35,40,94,81,70,60,1,1,90,80,19,1,2,87,85,18,1,1,Doctorate degree (PhD/other),NA,Other,Physics
255,528,8,100,95,73,63,59,100,100,81,70,17,8,89,70,46,16,6,90,73,45,14,8,Doctorate degree (PhD/other),NA,Arts & Humanities,NA
256,798,80,95,80,87,80,78,80,70,80,85,5,3,90,86,48,5,4,85,85,50,8,8,Doctorate degree (PhD/other),NA,Social Sciences,NA
257,552,21,83,68,75,63,79,44,64,82,74,73,75,94,73,55,8,3,72,70,51,9,3,Doctorate degree (PhD/other),NA,Physical Sciences,NA
258,737,80,90,75,5,45,10,90,70,60,65,20,15,95,80,50,15,10,75,70,50,15,5,Doctorate degree (PhD/other),NA,Arts & Humanities,NA
259,689,80,81,76,63,53,50,94,71,70,82,22,23,93,76,54,14,2,92,83,47,20,2,Doctorate degree (PhD/other),NA,Life Sciences and Biomedicine,NA
260,618,80,94,80,71,70,58,100,72,75,65,8,4,89,71,43,9,1,83,77,40,8,3,Doctorate degree (PhD/other),NA,Life Sciences and Biomedicine,NA
261,672,80,100,74,63,59,62,100,68,65,68,24,3,94,91,34,10,2,91,79,18,8,1,Doctorate degree (PhD/other),NA,Social Sciences,NA
262,523,18,95,64,70,57,59,92,72,69,63,36,34,85,71,53,23,13,82,70,60,34,13,Doctorate degree (PhD/other),NA,Social Sciences,NA
263,2563,20,90,80,85,81,75,99,95,95,94,75,50,85,80,50,25,25,99,95,90,90,80,Doctorate degree (PhD/other),NA,Physical Sciences,NA
264,666,26,100,93,87,78,69,100,91,71,69,17,20,83,76,51,8,8,85,70,49,16,9,Doctorate degree (PhD/other),NA,Physical Sciences,NA
265,910,20,95,84,85,75,65,92,84,92,88,25,15,91,86,45,15,5,90,85,45,10,10,Doctorate degree (PhD/other),NA,Arts & Humanities,NA
266,650,80,80,20,20,20,5,100,80,65,50,19,2,70,60,50,9,3,71,66,50,4,10,Doctorate degree (PhD/other),NA,Life Sciences and Biomedicine,NA
267,2055,15,90,95,71,50,50,95,60,80,65,35,7,85,70,50,10,5,85,70,50,15,5,Doctorate degree (PhD/other),NA,Life Sciences and Biomedicine,NA
268,586,80,68,60,11,41,4,86,21,18,9,7,0,92,94,30,9,0,90,71,51,5,9,Doctorate degree (PhD/other),NA,Arts & Humanities,NA
269,746,80,85,72,77,60,58,94,88,87,81,36,3,94,87,56,5,11,88,75,55,11,13,Doctorate degree (PhD/other),NA,Social Sciences,NA
270,596,80,100,95,67,76,75,100,91,75,80,29,0,90,75,50,20,8,90,75,50,19,19,Doctorate degree (PhD/other),NA,Life Sciences and Biomedicine,NA
271,682,80,100,92,81,81,80,100,70,71,72,30,20,92,91,30,1,2,88,81,71,14,16,Doctorate degree (PhD/other),NA,Physical Sciences,NA
272,750,80,50,50,50,50,50,95,70,60,60,2,20,95,80,55,10,5,80,80,40,10,5,Doctorate degree (PhD/other),NA,Physical Sciences,NA
273,684,80,96,89,85,80,75,100,90,78,80,30,20,90,85,79,19,30,90,80,76,30,50,Doctorate degree (PhD/other),NA,Life Sciences and Biomedicine,NA
274,695,80,95,80,70,70,70,90,85,75,70,30,10,92,81,51,27,24,81,81,51,19,10,Doctorate degree (PhD/other),NA,Other,Law
275,697,80,95,84,72,59,50,95,80,60,70,0,0,71,60,35,3,5,71,66,19,2,1,Doctorate degree (PhD/other),NA,Social Sciences,NA
276,2052,80,81,80,90,56,72,96,80,61,71,41,20,92,92,49,17,7,91,81,62,28,18,Doctorate degree (PhD/other),NA,Physical Sciences,NA
277,629,80,75,70,60,50,35,70,60,75,65,10,2,65,60,45,10,5,50,60,40,10,6,Doctorate degree (PhD/other),NA,Life Sciences and Biomedicine,NA
278,748,80,80,69,51,60,50,98,85,81,74,50,20,98,90,65,25,10,85,80,55,15,15,Doctorate degree (PhD/other),NA,Social Sciences,NA
279,564,80,100,90,50,75,40,85,80,65,65,15,5,85,65,55,25,5,71,65,50,20,10,Doctorate degree (PhD/other),NA,Physical Sciences,NA
280,594,80,98,87,84,55,58,91,70,58,64,21,11,78,88,38,15,10,73,56,51,33,9,Doctorate degree (PhD/other),NA,Life Sciences and Biomedicine,NA
281,825,80,100,20,80,75,65,80,88,70,65,30,12,80,90,48,15,5,90,80,50,10,0,Doctorate degree (PhD/other),NA,Other,Engineering
282,670,80,94,90,86,85,81,91,92,91,90,50,9,92,92,50,19,18,87,86,49,13,6,Doctorate degree (PhD/other),NA,Life Sciences and Biomedicine,NA
283,607,14,98,96,82,83,74,99,98,76,86,30,4,93,86,40,19,5,91,80,50,20,10,Doctorate degree (PhD/other),NA,Other,Computer Science
284,630,80,80,92,71,70,71,91,80,75,82,2,1,92,80,40,5,8,98,80,39,5,0,Doctorate degree (PhD/other),NA,Social Sciences,NA
285,512,80,100,82,65,78,53,88,100,89,74,6,12,69,69,58,22,8,79,62,59,11,14,Doctorate degree (PhD/other),NA,Physical Sciences,NA
286,535,18,91,85,72,74,63,91,79,71,64,21,17,96,90,52,10,4,94,89,52,13,3,Graduate degree (MA/MSc/MPhil/other),NA,Life Sciences and Biomedicine,NA
287,620,80,100,90,80,70,60,95,95,80,80,10,2,90,90,60,10,5,85,75,30,10,5,Doctorate degree (PhD/other),NA,Life Sciences and Biomedicine,NA
288,654,80,73,70,92,90,90,100,88,89,82,0,82,100,91,51,1,7,100,100,52,1,0,Graduate degree (MA/MSc/MPhil/other),NA,Physical Sciences,NA
289,545,8,71,90,84,65,66,100,58,68,68,32,17,80,69,34,18,12,76,71,50,19,7,Doctorate degree (PhD/other),NA,Life Sciences and Biomedicine,NA
290,709,80,95,86,82,76,77,98,65,80,81,25,25,95,88,66,25,10,95,76,55,24,9,Doctorate degree (PhD/other),NA,Arts & Humanities,NA
291,749,80,96,88,71,79,69,94,91,79,83,19,19,86,83,65,19,15,81,70,59,17,7,Doctorate degree (PhD/other),NA,Life Sciences and Biomedicine,NA
292,611,80,100,100,80,60,70,100,80,60,65,30,10,90,70,50,10,5,90,75,50,20,10,Doctorate degree (PhD/other),NA,Arts & Humanities,NA
293,604,10,76,88,96,57,76,100,82,69,95,25,12,73,100,74,10,13,94,83,50,16,19,Doctorate degree (PhD/other),NA,Arts & Humanities,NA
294,757,80,95,83,80,81,69,95,70,63,74,35,28,86,80,61,25,10,90,82,65,29,15,Doctorate degree (PhD/other),NA,Life Sciences and Biomedicine,NA
295,590,80,100,80,95,33,50,100,85,50,60,10,0,88,75,14,5,5,80,60,20,5,8,Doctorate degree (PhD/other),NA,Physical Sciences,NA
296,1299,80,100,85,80,75,70,95,90,85,75,55,35,100,85,65,30,10,90,80,60,40,10,Doctorate degree (PhD/other),NA,Other,Business
297,985,80,87,74,69,60,59,95,76,69,68,88,81,84,75,64,30,24,90,77,57,34,19,Doctorate degree (PhD/other),NA,Physical Sciences,NA
298,611,80,95,90,80,80,75,96,95,85,81,10,0,95,90,50,25,10,85,96,50,5,10,Doctorate degree (PhD/other),NA,Arts & Humanities,NA
299,570,2,89,82,75,81,70,92,79,71,82,49,51,95,90,54,11,11,1,74,39,25,2,Doctorate degree (PhD/other),NA,Life Sciences and Biomedicine,NA
300,648,20,99,92,77,81,71,91,65,70,75,33,13,80,67,48,31,15,91,75,60,38,22,Doctorate degree (PhD/other),NA,Life Sciences and Biomedicine,NA
301,590,80,100,50,63,75,28,98,81,80,66,8,0,73,61,50,10,2,95,85,40,17,19,Doctorate degree (PhD/other),NA,Life Sciences and Biomedicine,NA
302,745,80,91,60,70,30,30,90,30,60,72,25,15,80,65,40,20,10,83,65,50,33,25,Doctorate degree (PhD/other),NA,Physical Sciences,NA
303,668,80,95,85,80,90,70,95,85,85,90,20,1,90,80,50,5,15,90,75,40,10,1,Doctorate degree (PhD/other),NA,Social Sciences,NA
304,585,80,90,80,67,59,50,79,65,60,74,27,4,100,90,50,20,10,84,82,50,8,15,Doctorate degree (PhD/other),NA,Physical Sciences,NA
305,711,80,100,56,80,78,65,94,90,63,72,21,12,95,90,62,17,11,90,81,60,26,13,Doctorate degree (PhD/other),NA,Life Sciences and Biomedicine,NA
306,630,80,64,62,58,60,54,79,56,55,56,19,7,78,69,52,20,25,71,61,46,22,4,Doctorate degree (PhD/other),NA,Life Sciences and Biomedicine,NA
307,1012,20,86,80,90,69,70,100,87,66,71,22,30,92,81,55,9,12,91,80,58,21,17,Undergraduate degree (BA/BSc/other),NA,Other,Computer Science
308,590,80,95,82,70,62,42,95,76,82,76,50,31,95,71,50,20,5,90,70,51,16,5,Doctorate degree (PhD/other),NA,Life Sciences and Biomedicine,NA
309,722,80,99,82,72,76,55,62,77,61,56,8,28,94,88,50,5,1,92,70,60,29,4,Graduate degree (MA/MSc/MPhil/other),NA,Other,Legal
310,515,20,77,86,78,83,56,100,74,79,76,24,18,100,100,75,22,19,100,88,49,0,16,Doctorate degree (PhD/other),NA,Physical Sciences,NA
311,668,8,99,81,65,54,50,98,93,81,71,22,20,94,81,28,8,1,95,71,50,17,2,Doctorate degree (PhD/other),NA,Arts & Humanities,NA
312,716,80,90,75,76,65,60,84,90,70,85,34,8,84,70,51,8,4,80,75,39,8,16,Doctorate degree (PhD/other),NA,Life Sciences and Biomedicine,NA
313,559,80,100,89,85,70,68,90,70,75,60,30,10,85,81,60,20,30,80,75,50,40,4,Doctorate degree (PhD/other),NA,Life Sciences and Biomedicine,NA
314,655,80,97,95,79,79,60,97,92,87,91,2,2,90,93,60,10,5,86,81,56,13,6,Doctorate degree (PhD/other),NA,Life Sciences and Biomedicine,NA
315,909,80,90,70,70,81,55,80,69,65,70,10,20,90,86,60,10,10,75,81,25,10,10,Doctorate degree (PhD/other),NA,Physical Sciences,NA
316,687,79,81,80,79,80,79,88,79,79,80,20,10,79,80,49,19,20,80,80,49,21,19,Doctorate degree (PhD/other),NA,Physical Sciences,NA
317,641,5,90,50,80,60,60,95,90,85,90,20,10,90,85,50,15,2,90,80,50,5,2,Doctorate degree (PhD/other),NA,Life Sciences and Biomedicine,NA
318,1075,80,100,80,75,80,70,98,95,95,96,0,10,95,95,60,20,20,90,90,65,10,19,Doctorate degree (PhD/other),NA,Life Sciences and Biomedicine,NA
319,678,80,80,90,100,60,60,100,75,70,80,20,3,91,90,60,5,5,95,90,60,6,4,Doctorate degree (PhD/other),NA,Social Sciences,NA
320,871,8,50,86,70,75,69,100,60,80,95,16,2,97,85,62,17,3,93,85,58,11,3,Doctorate degree (PhD/other),NA,Social Sciences,NA
321,542,14,91,91,68,70,50,90,86,70,71,25,24,86,75,50,24,18,77,76,50,23,14,Doctorate degree (PhD/other),NA,Physical Sciences,NA
322,547,80,99,72,67,95,76,97,95,100,89,7,1,92,69,13,2,0,80,63,30,3,1,Doctorate degree (PhD/other),NA,Social Sciences,NA
323,837,10,100,81,80,86,65,100,100,82,91,30,10,90,100,45,10,10,100,93,50,15,10,Doctorate degree (PhD/other),NA,Social Sciences,NA
324,734,9,81,75,65,60,50,91,84,70,71,29,9,83,71,50,12,5,85,72,40,8,5,Doctorate degree (PhD/other),NA,Arts & Humanities,NA
325,804,84,79,70,82,82,80,72,81,73,78,76,79,73,81,83,83,81,80,81,78,74,78,Graduate degree (MA/MSc/MPhil/other),NA,Social Sciences,NA
326,601,10,75,83,61,68,50,96,95,61,71,39,20,81,71,33,11,4,81,73,52,15,8,Doctorate degree (PhD/other),NA,Life Sciences and Biomedicine,NA
327,547,80,95,90,70,70,25,95,85,70,75,15,0,81,70,30,20,10,90,80,35,20,10,Graduate degree (MA/MSc/MPhil/other),NA,Life Sciences and Biomedicine,NA
328,675,80,95,81,75,50,31,97,70,60,59,1,1,93,81,25,7,5,100,81,50,15,1,Doctorate degree (PhD/other),NA,Other,law
329,608,80,95,90,85,75,65,95,90,95,70,10,5,80,86,50,20,20,85,75,45,10,10,Doctorate degree (PhD/other),NA,Arts & Humanities,NA
330,596,80,85,75,70,59,50,90,75,50,70,5,10,90,73,40,20,10,85,75,40,10,9,Doctorate degree (PhD/other),NA,Social Sciences,NA
331,692,80,90,90,83,80,70,90,75,80,85,39,25,75,70,60,20,25,75,70,56,33,15,Doctorate degree (PhD/other),NA,Social Sciences,NA
332,702,80,100,90,90,76,72,100,91,80,90,10,6,90,85,60,12,18,78,84,63,22,8,Doctorate degree (PhD/other),NA,Social Sciences,NA
333,742,80,100,100,74,70,55,100,85,80,100,10,10,100,100,60,10,0,100,100,60,10,10,Doctorate degree (PhD/other),NA,Social Sciences,NA
334,685,80,94,83,84,84,82,100,82,88,86,35,13,94,86,40,11,7,91,81,33,15,12,Doctorate degree (PhD/other),NA,Physical Sciences,NA
335,502,17,100,89,81,67,75,91,55,64,65,20,8,90,96,50,0,5,82,69,41,16,4,Other,JD,Physical Sciences,NA
336,661,10,91,100,76,82,66,100,71,81,91,20,9,92,82,51,21,20,81,86,51,12,20,Doctorate degree (PhD/other),NA,Physical Sciences,NA
337,703,80,95,65,51,66,55,100,95,90,95,10,1,95,81,43,2,6,95,80,35,5,0,Doctorate degree (PhD/other),NA,Social Sciences,NA
338,745,80,60,70,55,55,50,90,75,60,65,20,5,80,80,50,10,5,85,75,50,30,25,Doctorate degree (PhD/other),NA,Arts & Humanities,NA
339,639,80,95,98,86,83,77,100,78,85,85,44,28,92,80,70,23,26,95,84,73,51,26,Doctorate degree (PhD/other),NA,Social Sciences,NA
340,962,70,60,67,75,50,55,70,88,70,46,59,71,59,70,40,62,60,68,71,69,65,71,Doctorate degree (PhD/other),NA,Arts & Humanities,NA
341,517,3,100,74,88,84,72,100,97,86,9,5,3,80,84,41,6,9,91,93,56,8,3,Doctorate degree (PhD/other),NA,Life Sciences and Biomedicine,NA
342,520,80,99,83,68,56,50,95,86,66,60,28,22,87,74,56,20,5,78,60,47,9,4,Doctorate degree (PhD/other),NA,Arts & Humanities,NA
343,848,80,60,61,60,71,81,100,80,55,82,8,9,91,82,50,20,4,95,92,51,20,10,Doctorate degree (PhD/other),NA,Other,BSc IT
344,1027,80,92,70,59,79,73,90,93,69,73,28,33,81,74,51,20,17,95,70,60,18,13,Doctorate degree (PhD/other),NA,Social Sciences,NA
345,648,80,98,70,80,91,70,95,95,90,95,5,5,95,95,50,5,2,95,95,50,5,5,Doctorate degree (PhD/other),NA,Life Sciences and Biomedicine,NA
346,660,14,88,40,59,60,34,77,69,71,50,15,21,88,80,39,14,10,85,69,41,15,10,Doctorate degree (PhD/other),NA,Social Sciences,NA
347,5045,80,100,85,80,87,51,100,71,83,69,40,16,85,80,15,15,15,92,85,50,23,13,Doctorate degree (PhD/other),NA,Arts & Humanities,NA
348,566,80,81,76,67,67,67,94,92,74,72,29,21,73,71,50,25,15,75,70,58,15,14,Doctorate degree (PhD/other),NA,Physical Sciences,NA
349,703,80,95,90,65,60,65,85,78,65,65,30,8,90,80,60,20,5,75,70,65,15,10,Doctorate degree (PhD/other),NA,Social Sciences,NA
350,658,80,98,75,60,40,42,78,62,72,67,28,12,83,69,46,20,5,77,69,54,23,5,Doctorate degree (PhD/other),NA,Life Sciences and Biomedicine,NA
351,773,80,100,85,79,60,45,100,79,55,90,15,30,80,67,50,26,25,80,70,50,10,10,Doctorate degree (PhD/other),NA,Physical Sciences,NA
352,644,13,92,80,76,71,57,90,85,73,73,26,24,73,74,46,11,9,81,76,58,31,11,Doctorate degree (PhD/other),NA,Social Sciences,NA
353,580,2,91,82,63,63,61,86,71,62,71,2,5,81,74,20,14,9,77,62,29,16,29,Doctorate degree (PhD/other),NA,Other,linguistics
354,1632,80,95,72,70,58,50,100,74,78,85,47,20,93,81,46,19,10,88,69,43,14,12,Doctorate degree (PhD/other),NA,Physical Sciences,NA
355,655,80,90,85,75,63,71,96,87,54,58,9,24,91,74,43,15,5,85,71,52,29,26,Doctorate degree (PhD/other),NA,Physical Sciences,NA
356,954,80,69,80,100,83,90,90,80,85,90,50,10,85,90,50,10,9,90,90,65,30,20,Doctorate degree (PhD/other),NA,Physical Sciences,NA
357,575,80,49,51,51,53,51,72,81,59,71,50,52,51,51,60,50,72,48,49,50,49,49,Doctorate degree (PhD/other),NA,Physical Sciences,NA
358,533,80,100,88,66,59,48,86,72,57,60,20,14,81,68,42,9,1,77,66,50,14,5,Doctorate degree (PhD/other),NA,Physical Sciences,NA
359,1412,1,60,80,70,85,60,95,75,65,80,15,5,100,90,55,5,5,95,70,45,15,5,Doctorate degree (PhD/other),NA,Life Sciences and Biomedicine,NA
360,570,80,95,84,71,70,65,91,85,81,76,0,6,100,85,55,10,5,85,80,55,15,10,Doctorate degree (PhD/other),NA,Social Sciences,NA
361,1010,80,91,87,71,45,40,93,84,83,62,5,4,93,90,52,9,3,92,80,57,1,0,Doctorate degree (PhD/other),NA,Life Sciences and Biomedicine,NA
362,688,10,90,80,50,30,20,90,95,70,50,15,0,90,80,50,10,5,95,85,40,5,1,Doctorate degree (PhD/other),NA,Arts & Humanities,NA
363,726,80,96,85,69,65,60,90,65,85,75,35,15,90,80,50,10,5,90,80,48,18,5,Doctorate degree (PhD/other),NA,Social Sciences,NA
364,545,15,100,80,70,65,60,100,80,90,70,30,10,90,80,70,30,10,90,70,65,20,10,Doctorate degree (PhD/other),NA,Physical Sciences,NA
365,859,80,93,90,74,64,52,90,75,70,70,15,25,95,81,60,25,10,100,91,50,25,10,Doctorate degree (PhD/other),NA,Life Sciences and Biomedicine,NA
366,844,80,95,80,95,99,88,99,92,98,98,5,5,96,99,86,15,5,98,96,85,25,30,Doctorate degree (PhD/other),NA,Life Sciences and Biomedicine,NA
367,751,80,87,65,65,70,55,80,75,65,70,20,10,80,75,60,15,20,85,75,59,20,10,Doctorate degree (PhD/other),NA,Arts & Humanities,NA
368,680,80,100,80,71,59,50,80,66,52,60,26,9,90,77,36,15,5,69,57,30,18,5,Doctorate degree (PhD/other),NA,Other,Engineering
369,1234,80,85,77,85,84,78,88,82,89,73,14,10,85,72,51,18,23,65,89,59,64,19,Doctorate degree (PhD/other),NA,Other,Finance
370,722,80,100,75,75,75,48,100,80,75,90,10,11,100,89,60,10,9,85,85,60,30,20,Doctorate degree (PhD/other),NA,Physical Sciences,NA
371,660,80,95,91,85,69,79,95,84,71,83,5,6,85,82,67,19,4,94,84,60,10,8,Doctorate degree (PhD/other),NA,Life Sciences and Biomedicine,NA
372,747,4,95,95,74,76,80,96,86,71,70,8,4,93,87,54,9,5,91,80,56,11,3,Doctorate degree (PhD/other),NA,Arts & Humanities,NA
373,596,17,94,55,75,78,44,92,81,73,84,21,12,83,86,54,12,4,86,81,60,21,10,Doctorate degree (PhD/other),NA,Life Sciences and Biomedicine,NA
374,782,20,85,75,60,71,55,91,95,86,71,10,5,88,73,52,14,10,85,71,50,5,5,Graduate degree (MA/MSc/MPhil/other),NA,Life Sciences and Biomedicine,NA
375,2523,30,90,80,70,60,60,90,80,75,65,40,20,90,80,50,35,15,90,75,50,35,15,Doctorate degree (PhD/other),NA,Physical Sciences,NA
376,747,80,98,85,75,70,60,95,70,70,70,40,20,90,70,60,20,10,85,70,60,15,10,Doctorate degree (PhD/other),NA,Life Sciences and Biomedicine,NA
377,598,80,100,91,80,70,60,98,66,78,76,6,15,93,81,56,8,1,95,71,60,10,5,Doctorate degree (PhD/other),NA,Social Sciences,NA
378,941,80,95,81,90,76,75,97,85,95,75,20,2,95,95,50,5,2,90,85,50,5,3,Doctorate degree (PhD/other),NA,Life Sciences and Biomedicine,NA
379,699,80,95,90,80,75,65,90,86,75,75,20,9,80,75,50,30,20,80,76,55,15,5,Doctorate degree (PhD/other),NA,Arts & Humanities,NA
380,717,23,86,93,81,76,73,95,77,75,79,14,8,91,80,84,14,10,90,86,63,18,16,Doctorate degree (PhD/other),NA,Social Sciences,NA
381,764,21,85,23,85,71,72,94,87,80,89,11,8,80,81,32,20,12,79,78,54,21,23,Other,Juris Doctor,Other,Law/Business
382,686,80,95,75,68,70,45,88,80,65,65,25,20,85,69,45,15,5,75,68,45,20,5,Doctorate degree (PhD/other),NA,Social Sciences,NA
383,794,80,90,85,60,50,50,95,80,50,60,1,0,70,60,20,10,1,77,60,39,5,1,Doctorate degree (PhD/other),NA,Social Sciences,NA
384,1109,80,80,80,70,60,51,90,71,66,76,30,8,90,90,50,9,10,81,68,50,31,8,Doctorate degree (PhD/other),NA,Physical Sciences,NA
385,703,3,89,81,75,55,40,88,86,75,67,33,3,81,83,36,12,13,76,82,51,18,18,Doctorate degree (PhD/other),NA,Life Sciences and Biomedicine,NA
386,559,19,96,92,82,71,62,88,62,72,59,37,21,100,87,57,30,38,93,78,63,31,12,Doctorate degree (PhD/other),NA,Life Sciences and Biomedicine,NA
387,691,80,47,52,71,67,50,92,61,73,78,16,15,100,100,50,1,0,100,86,49,6,0,Doctorate degree (PhD/other),NA,Other,IT
388,846,80,95,85,75,75,70,97,90,85,75,35,15,95,85,60,20,10,85,80,65,24,15,Doctorate degree (PhD/other),NA,Social Sciences,NA
389,587,80,81,83,80,82,78,88,70,81,77,50,20,90,85,76,50,46,95,85,70,34,45,Doctorate degree (PhD/other),NA,Life Sciences and Biomedicine,NA
390,944,80,95,86,56,62,60,96,75,65,81,28,8,97,80,50,19,9,94,76,51,25,10,Doctorate degree (PhD/other),NA,Other,Mathematics and Computer Science
391,829,80,95,58,68,55,49,90,82,66,68,7,3,90,76,40,10,3,81,70,46,12,5,Doctorate degree (PhD/other),NA,Life Sciences and Biomedicine,NA
392,704,80,87,86,64,61,54,100,63,60,51,17,18,85,71,47,24,15,82,70,43,23,21,Doctorate degree (PhD/other),NA,Life Sciences and Biomedicine,NA
393,2163,80,85,100,70,60,50,100,80,70,75,25,0,90,80,40,20,10,95,85,40,20,10,Doctorate degree (PhD/other),NA,Arts & Humanities,NA
394,1022,80,95,33,85,75,70,89,70,71,75,20,20,95,90,55,15,5,88,90,45,15,20,Doctorate degree (PhD/other),NA,Other,Law
395,585,80,95,100,71,81,65,90,75,90,100,10,5,91,80,50,20,10,98,91,50,5,4,Doctorate degree (PhD/other),NA,Life Sciences and Biomedicine,NA
396,496,46,41,55,59,43,50,55,39,50,51,41,43,49,52,50,53,56,50,55,55,50,53,Undergraduate degree (BA/BSc/other),NA,Arts & Humanities,NA
397,786,19,16,39,25,21,23,32,34,58,15,18,44,18,20,20,18,31,20,15,35,15,10,Graduate degree (MA/MSc/MPhil/other),NA,Other,IT
398,808,7,74,81,92,83,80,58,40,55,78,18,47,86,79,46,8,10,98,81,49,4,5,Undergraduate degree (BA/BSc/other),NA,Physical Sciences,NA
399,1242,80,100,88,80,76,64,93,85,81,76,25,19,96,76,59,21,8,90,78,55,12,6,Doctorate degree (PhD/other),NA,Arts & Humanities,NA
400,606,80,100,90,61,100,30,89,75,35,50,13,1,73,67,50,4,5,60,70,29,13,6,Doctorate degree (PhD/other),NA,Life Sciences and Biomedicine,NA
401,657,80,20,70,60,45,40,80,77,60,65,15,30,80,65,10,0,0,85,60,50,10,5,Doctorate degree (PhD/other),NA,Social Sciences,NA
402,667,80,30,70,100,70,100,100,60,100,100,30,51,100,100,51,10,0,100,100,52,10,10,Doctorate degree (PhD/other),NA,Social Sciences,NA
403,670,80,90,60,80,50,35,95,90,70,80,15,5,85,60,35,5,1,85,70,50,5,1,Doctorate degree (PhD/other),NA,Physical Sciences,NA
404,594,80,95,78,61,57,41,85,91,81,66,21,17,86,72,51,19,10,83,69,51,17,5,Doctorate degree (PhD/other),NA,Life Sciences and Biomedicine,NA
405,806,80,100,100,70,80,70,90,80,70,65,30,10,90,80,50,10,1,85,80,60,20,10,Doctorate degree (PhD/other),NA,Arts & Humanities,NA
406,748,73,75,20,40,59,40,75,70,75,76,70,74,76,76,71,40,73,76,61,76,76,71,Doctorate degree (PhD/other),NA,Life Sciences and Biomedicine,NA
407,1100,80,84,84,77,92,80,100,67,84,88,25,12,83,86,58,25,23,100,80,67,26,19,Doctorate degree (PhD/other),NA,Physical Sciences,NA
408,861,80,92,59,80,75,65,100,60,80,50,30,18,80,82,61,18,10,79,69,50,20,7,Doctorate degree (PhD/other),NA,Physical Sciences,NA
409,600,27,100,90,75,67,81,100,68,74,89,30,18,80,81,64,29,39,79,78,58,30,15,Doctorate degree (PhD/other),NA,Arts & Humanities,NA
410,609,80,100,90,40,35,30,91,68,62,66,20,6,81,73,40,10,0,90,80,35,5,2,Doctorate degree (PhD/other),NA,Social Sciences,NA
411,669,80,98,95,64,56,55,100,76,71,86,45,25,86,75,55,24,10,76,60,50,37,14,Doctorate degree (PhD/other),NA,Life Sciences and Biomedicine,NA
412,714,54,52,57,56,55,55,56,57,54,54,58,55,43,58,73,71,50,46,55,56,71,75,Graduate degree (MA/MSc/MPhil/other),NA,Social Sciences,NA
413,608,80,89,74,54,51,37,82,82,56,54,1,23,72,56,54,20,7,70,68,46,16,16,Doctorate degree (PhD/other),NA,Physical Sciences,NA
414,661,80,75,85,75,70,65,90,75,70,65,5,5,80,75,60,40,25,80,60,60,20,10,Doctorate degree (PhD/other),NA,Life Sciences and Biomedicine,NA
415,541,80,95,60,85,91,88,100,90,88,90,10,5,92,81,51,1,0,85,94,50,11,3,Doctorate degree (PhD/other),NA,Life Sciences and Biomedicine,NA
416,659,80,70,61,66,64,62,89,75,65,70,7,13,90,80,55,20,10,92,70,61,10,20,Doctorate degree (PhD/other),NA,Life Sciences and Biomedicine,NA
417,1029,80,95,60,75,70,70,100,75,80,80,5,5,95,90,50,10,5,90,90,50,10,10,Doctorate degree (PhD/other),NA,Arts & Humanities,NA
418,560,3,83,59,70,61,56,97,56,71,50,5,3,95,83,50,30,2,94,81,50,28,3,Doctorate degree (PhD/other),NA,Physical Sciences,NA
419,596,80,91,99,61,67,43,87,40,65,27,23,1,95,91,60,15,10,87,70,51,20,20,Doctorate degree (PhD/other),NA,Life Sciences and Biomedicine,NA
420,579,80,75,60,71,65,62,91,55,62,72,1,1,86,81,53,3,1,100,72,50,9,1,Doctorate degree (PhD/other),NA,Physical Sciences,NA
421,668,80,83,69,54,56,58,93,68,68,61,31,30,83,59,44,28,23,85,71,53,23,18,Doctorate degree (PhD/other),NA,Arts & Humanities,NA
422,865,80,90,85,70,60,55,95,85,80,60,40,25,80,70,50,30,10,80,70,45,25,10,Doctorate degree (PhD/other),NA,Physical Sciences,NA
423,840,0,100,65,59,58,57,100,87,73,62,0,0,78,88,51,0,0,100,72,48,0,18,Doctorate degree (PhD/other),NA,Arts & Humanities,NA
424,708,80,83,50,66,69,51,100,86,71,78,1,16,76,70,48,3,4,80,79,26,18,9,Doctorate degree (PhD/other),NA,Other,Accounting
425,776,80,91,78,82,64,59,95,89,81,80,49,30,88,77,60,41,31,81,81,65,40,35,Doctorate degree (PhD/other),NA,Social Sciences,NA
426,614,80,90,80,75,60,65,85,70,75,60,30,20,95,80,50,25,5,90,75,50,25,10,Doctorate degree (PhD/other),NA,Life Sciences and Biomedicine,NA
427,784,80,99,85,85,90,75,90,90,90,85,30,15,95,90,60,10,10,90,85,55,10,10,Doctorate degree (PhD/other),NA,Social Sciences,NA
428,905,20,91,81,70,81,66,90,70,76,80,34,1,90,81,55,10,5,86,75,51,20,9,Doctorate degree (PhD/other),NA,Other,law
429,785,80,100,89,75,80,70,100,100,89,80,51,20,86,83,60,25,30,90,77,60,21,24,Graduate degree (MA/MSc/MPhil/other),NA,Arts & Humanities,NA
430,626,80,92,86,59,54,55,87,95,87,79,42,41,95,70,49,10,4,91,72,53,27,13,Doctorate degree (PhD/other),NA,Life Sciences and Biomedicine,NA
431,847,19,94,98,80,52,65,94,42,56,77,49,8,83,72,59,36,18,84,68,54,40,20,Doctorate degree (PhD/other),NA,Other,Environmental engineering
432,830,0,80,25,36,51,30,85,60,80,65,5,0,80,70,20,2,0,75,65,45,3,3,Doctorate degree (PhD/other),NA,Social Sciences,NA
433,658,80,93,81,66,71,62,85,78,70,74,13,35,92,89,68,24,7,85,68,54,31,27,Doctorate degree (PhD/other),NA,Social Sciences,NA
434,544,5,74,57,33,50,19,70,82,66,52,1,13,78,51,28,2,1,77,55,41,9,1,Doctorate degree (PhD/other),NA,Social Sciences,NA
435,557,80,95,65,80,50,55,94,75,55,70,2,1,96,83,44,14,2,100,90,46,5,1,Doctorate degree (PhD/other),NA,Arts & Humanities,NA
436,592,80,100,88,80,61,52,99,75,78,76,0,2,91,80,53,16,13,80,76,50,15,15,Doctorate degree (PhD/other),NA,Other,Legal
437,1085,80,91,85,80,70,66,90,75,91,70,29,25,92,87,60,22,16,98,93,69,26,20,Doctorate degree (PhD/other),NA,Life Sciences and Biomedicine,NA
438,610,80,98,75,63,61,50,95,71,60,64,41,18,77,73,50,10,4,89,83,50,22,6,Doctorate degree (PhD/other),NA,Life Sciences and Biomedicine,NA
439,657,80,92,81,76,75,65,90,77,70,76,40,9,90,85,65,20,20,76,81,65,30,20,Doctorate degree (PhD/other),NA,Other,legal
440,624,80,95,95,81,60,60,95,75,90,74,20,10,96,85,50,5,1,90,77,50,10,10,Doctorate degree (PhD/other),NA,Physical Sciences,NA
441,765,20,95,70,60,50,50,95,75,80,80,50,40,90,66,50,20,20,90,80,60,20,10,Doctorate degree (PhD/other),NA,Social Sciences,NA
442,547,80,100,91,81,71,62,96,71,92,91,9,1,92,81,51,1,3,80,72,49,8,4,Doctorate degree (PhD/other),NA,Life Sciences and Biomedicine,NA
443,700,15,95,80,75,75,65,98,80,70,60,20,15,90,80,55,20,10,80,75,55,25,15,Doctorate degree (PhD/other),NA,Social Sciences,NA
444,572,80,96,86,82,67,56,91,70,66,47,7,1,100,100,50,11,10,78,68,38,18,8,Doctorate degree (PhD/other),NA,Social Sciences,NA
445,657,13,88,75,69,58,50,90,59,56,62,17,18,83,72,38,17,10,72,69,51,22,12,Doctorate degree (PhD/other),NA,Physical Sciences,NA
446,742,80,91,75,71,65,50,92,66,65,66,29,9,85,70,50,24,20,81,70,49,21,10,Doctorate degree (PhD/other),NA,Life Sciences and Biomedicine,NA
447,576,64,63,81,49,60,79,91,100,70,72,70,60,72,70,61,92,70,61,46,76,74,84,Doctorate degree (PhD/other),NA,Physical Sciences,NA
448,772,15,90,85,85,80,75,95,90,90,80,10,10,95,90,60,20,10,95,90,60,10,5,Doctorate degree (PhD/other),NA,Social Sciences,NA
449,803,80,100,85,80,90,70,100,85,90,85,40,25,100,95,40,30,15,100,95,60,15,5,Doctorate degree (PhD/other),NA,Other,Computer Science
450,858,80,90,90,70,85,70,91,85,86,65,35,25,82,67,50,5,3,95,90,41,10,5,Doctorate degree (PhD/other),NA,Social Sciences,NA
451,645,15,100,70,75,90,60,97,95,85,80,10,10,91,95,60,10,10,85,70,60,20,10,Doctorate degree (PhD/other),NA,Social Sciences,NA
452,671,10,95,40,80,80,70,100,90,85,80,5,0,100,95,50,5,5,100,90,50,10,5,Doctorate degree (PhD/other),NA,Social Sciences,NA
453,1049,1,90,55,40,35,40,90,70,60,65,0,0,92,80,60,10,5,75,61,25,2,3,Doctorate degree (PhD/other),NA,Physical Sciences,NA
454,587,80,90,90,55,65,75,95,85,75,90,35,20,95,91,60,10,5,95,90,15,0,0,Doctorate degree (PhD/other),NA,Arts & Humanities,NA
455,649,80,90,50,70,49,47,94,70,74,80,25,20,90,80,50,15,15,80,75,50,10,11,Doctorate degree (PhD/other),NA,Life Sciences and Biomedicine,NA
456,613,80,97,99,76,63,53,99,87,80,86,7,9,98,83,49,15,1,96,86,44,14,6,Doctorate degree (PhD/other),NA,Physical Sciences,NA
457,612,80,100,90,85,90,35,100,99,90,80,5,0,95,85,50,10,0,90,95,50,10,0,Doctorate degree (PhD/other),NA,Life Sciences and Biomedicine,NA
458,756,80,93,45,61,63,70,91,85,88,71,19,3,76,84,49,7,8,97,79,61,9,6,Doctorate degree (PhD/other),NA,Social Sciences,NA
459,693,80,75,70,70,70,40,78,60,65,33,25,0,80,80,40,0,0,82,70,35,10,0,Doctorate degree (PhD/other),NA,Other,Business Administration with Social Science lens
460,685,80,90,70,45,60,40,90,85,50,60,1,1,100,100,49,2,2,100,81,55,10,5,Doctorate degree (PhD/other),NA,Social Sciences,NA
461,3771,14,98,95,97,92,91,98,91,93,81,31,61,91,94,49,9,9,100,91,50,8,5,Doctorate degree (PhD/other),NA,Life Sciences and Biomedicine,NA
